x,y,z,rot_x,rot_y,rot_z
-19.17218017578125,-13.530502319335938,0.699999988079071,1.5707963705062866, 0.0, 4.524733543395996
