x,y,z,rot_x,rot_y,rot_z
13.139875411987305,10.342507362365723,0.699999988079071,1.5707963705062866, 0.0, 0.7079026699066162
