x,y,z,rot_x,rot_y,rot_z
-21.71666717529297,-12.16408920288086,0.699999988079071,1.5707963705062866, 0.0, 4.0412492752075195
