x,y,z,rot_x,rot_y,rot_z
-35.52525329589844,27.632966995239258,0.699999988079071,1.5707963705062866, 0.0, 2.550276517868042
