x,y,z,rot_x,rot_y,rot_z
12.534754753112793,1.8760188817977905,0.699999988079071,1.5707963705062866, 0.0, -1.0243052244186401
