x,y,z,rot_x,rot_y,rot_z
14.30901050567627,3.364471673965454,0.699999988079071,1.5707963705062866, 0.0, -0.6154914498329163
