x,y,z,rot_x,rot_y,rot_z
-57.88330078125,31.154911041259766,0.699999988079071,1.5707963705062866, 0.0, 1.1661728620529175
