x,y,z,rot_x,rot_y,rot_z
-16.490360260009766,-13.214347839355469,0.699999988079071,1.5707963705062866, 0.0, -1.0674817562103271
