x,y,z,rot_x,rot_y,rot_z
-14.530174255371094,-11.553600311279297,0.699999988079071,1.5707963705062866, 0.0, -0.6608026027679443
