x,y,z,rot_x,rot_y,rot_z
-59.5973014831543,31.879426956176758,0.699999988079071,1.5707963705062866, 0.0, 1.1856677532196045
