x,y,z,rot_x,rot_y,rot_z
-30.013614654541016,4.35693359375,0.699999988079071,1.5707963705062866, 0.0, 3.461566209793091
