x,y,z,rot_x,rot_y,rot_z
-10.032806396484375,-3.1445999145507812,0.699999988079071,1.5707963705062866, 0.0, -0.6204512119293213
