x,y,z,rot_x,rot_y,rot_z
-10.618335723876953,-4.102741241455078,0.699999988079071,1.5707963705062866, 0.0, -0.517693042755127
