x,y,z,rot_x,rot_y,rot_z
-36.35859298706055,12.265396118164062,0.699999988079071,1.5707963705062866, 0.0, 4.653817176818848
