x,y,z,rot_x,rot_y,rot_z
-11.000785827636719,38.96767807006836,0.699999988079071,1.5707963705062866, 0.0, 0.77500319480896
