x,y,z,rot_x,rot_y,rot_z
6.565851211547852,15.795609474182129,0.699999988079071,1.5707963705062866, 0.0, 0.9925747513771057
