x,y,z,rot_x,rot_y,rot_z
-3.531576156616211,23.65800666809082,0.699999988079071,1.5707963705062866, 0.0, 0.5817345380783081
