x,y,z,rot_x,rot_y,rot_z
-12.582420349121094,-8.28369140625,0.699999988079071,1.5707963705062866, 0.0, -0.4378511905670166
