x,y,z,rot_x,rot_y,rot_z
-41.984310150146484,11.252120971679688,0.699999988079071,1.5707963705062866, 0.0, -1.3061809539794922
