x,y,z,rot_x,rot_y,rot_z
-67.99988555908203,15.08517074584961,0.699999988079071,1.5707963705062866, 0.0, 3.9213051795959473
