x,y,z,rot_x,rot_y,rot_z
2.9902114868164062,18.07509994506836,0.699999988079071,1.5707963705062866, 0.0, 1.000969409942627
