x,y,z,rot_x,rot_y,rot_z
-9.065654754638672,36.505615234375,0.699999988079071,1.5707963705062866, 0.0, 0.5832242369651794
