x,y,z,rot_x,rot_y,rot_z
-64.6939926147461,11.930442810058594,0.699999988079071,1.5707963705062866, 0.0, 4.041611194610596
