x,y,z,rot_x,rot_y,rot_z
-7.14195442199707,32.68915939331055,0.699999988079071,1.5707963705062866, 0.0, 0.3824211061000824
