x,y,z,rot_x,rot_y,rot_z
-27.0577392578125,39.684364318847656,0.699999988079071,1.5707963705062866, 0.0, 2.3081228733062744
