x,y,z,rot_x,rot_y,rot_z
-71.59678649902344,35.55178451538086,0.699999988079071,1.5707963705062866, 0.0, 1.412494421005249
