x,y,z,rot_x,rot_y,rot_z
-12.968692779541016,-9.068893432617188,0.699999988079071,1.5707963705062866, 0.0, -0.4646303653717041
