x,y,z,rot_x,rot_y,rot_z
-9.60623550415039,-2.573810577392578,0.699999988079071,1.5707963705062866, 0.0, -0.7107841968536377
