x,y,z,rot_x,rot_y,rot_z
-46.1494255065918,25.671667098999023,0.699999988079071,1.5707963705062866, 0.0, 1.154026746749878
