x,y,z,rot_x,rot_y,rot_z
-32.94012451171875,10.708202362060547,0.699999988079071,1.5707963705062866, 0.0, 3.8283801078796387
