x,y,z,rot_x,rot_y,rot_z
-26.997133255004883,-4.066780090332031,0.699999988079071,1.5707963705062866, 0.0, 3.5538339614868164
