x,y,z,rot_x,rot_y,rot_z
-11.994216918945312,39.91465377807617,0.699999988079071,1.5707963705062866, 0.0, 0.8677173852920532
