x,y,z,rot_x,rot_y,rot_z
-8.014162063598633,34.65542221069336,0.699999988079071,1.5707963705062866, 0.0, 0.47194135189056396
