x,y,z,rot_x,rot_y,rot_z
-7.857004165649414,34.33439254760742,0.699999988079071,1.5707963705062866, 0.0, 0.4552479088306427
