x,y,z,rot_x,rot_y,rot_z
-38.92551040649414,12.001701354980469,0.699999988079071,1.5707963705062866, 0.0, -1.3889062404632568
