x,y,z,rot_x,rot_y,rot_z
-74.63194274902344,35.922515869140625,0.699999988079071,1.5707963705062866, 0.0, 1.5186421871185303
