x,y,z,rot_x,rot_y,rot_z
13.713785171508789,9.59700870513916,0.699999988079071,1.5707963705062866, 0.0, 0.6375751495361328
