x,y,z,rot_x,rot_y,rot_z
11.767043113708496,11.806939125061035,0.699999988079071,1.5707963705062866, 0.0, 0.8193482756614685
