x,y,z,rot_x,rot_y,rot_z
-21.211393356323242,42.74517822265625,0.699999988079071,1.5707963705062866, 0.0, 1.7775758504867554
