x,y,z,rot_x,rot_y,rot_z
-18.031389236450195,42.8166618347168,0.699999988079071,1.5707963705062866, 0.0, 1.4455894231796265
