x,y,z,rot_x,rot_y,rot_z
9.72960376739502,13.554171562194824,0.699999988079071,1.5707963705062866, 0.0, 0.9165748953819275
