x,y,z,rot_x,rot_y,rot_z
-1.0707130432128906,-0.002361297607421875,0.699999988079071,1.5707963705062866, 0.0, -1.5671253204345703
