x,y,z,rot_x,rot_y,rot_z
-80.55074310302734,26.358394622802734,0.699999988079071,1.5707963705062866, 0.0, 3.86836838722229
