x,y,z,rot_x,rot_y,rot_z
-23.512418746948242,-10.268798828125,0.699999988079071,1.5707963705062866, 0.0, 3.8223893642425537
