x,y,z,rot_x,rot_y,rot_z
-72.38986206054688,19.110992431640625,0.699999988079071,1.5707963705062866, 0.0, 4.015300273895264
