x,y,z,rot_x,rot_y,rot_z
-33.27146530151367,31.4239559173584,0.699999988079071,1.5707963705062866, 0.0, 2.6172921657562256
