x,y,z,rot_x,rot_y,rot_z
-76.01985931396484,35.973636627197266,0.699999988079071,1.5707963705062866, 0.0, 1.583433747291565
