x,y,z,rot_x,rot_y,rot_z
-29.44872283935547,37.167755126953125,0.699999988079071,1.5707963705062866, 0.0, 2.467529296875
