x,y,z,rot_x,rot_y,rot_z
-8.895092010498047,-1.8294029235839844,0.699999988079071,1.5707963705062866, 0.0, -0.8730819225311279
