x,y,z,rot_x,rot_y,rot_z
-31.19310760498047,7.623577117919922,0.699999988079071,1.5707963705062866, 0.0, 3.5221500396728516
