x,y,z,rot_x,rot_y,rot_z
-19.891098022460938,-13.299991607666016,0.699999988079071,1.5707963705062866, 0.0, 4.363492965698242
