x,y,z,rot_x,rot_y,rot_z
-50.75041580200195,27.83194351196289,0.699999988079071,1.5707963705062866, 0.0, 1.1200025081634521
