x,y,z,rot_x,rot_y,rot_z
8.397583961486816,14.54549503326416,0.699999988079071,1.5707963705062866, 0.0, 0.9570229649543762
