x,y,z,rot_x,rot_y,rot_z
-83.20391082763672,31.370058059692383,0.699999988079071,1.5707963705062866, 0.0, 3.280731439590454
