x,y,z,rot_x,rot_y,rot_z
-1.6468009948730469,21.475481033325195,0.699999988079071,1.5707963705062866, 0.0, 0.806261420249939
