x,y,z,rot_x,rot_y,rot_z
-76.71427154541016,22.667381286621094,0.699999988079071,1.5707963705062866, 0.0, 4.011091232299805
