x,y,z,rot_x,rot_y,rot_z
-10.308542251586914,38.1948127746582,0.699999988079071,1.5707963705062866, 0.0, 0.7084627151489258
