x,y,z,rot_x,rot_y,rot_z
-60.843505859375,9.703811645507812,0.699999988079071,1.5707963705062866, 0.0, 4.376248359680176
