x,y,z,rot_x,rot_y,rot_z
-54.41570281982422,8.790298461914062,0.699999988079071,1.5707963705062866, 0.0, -1.5285608768463135
