x,y,z,rot_x,rot_y,rot_z
-5.532709121704102,27.975814819335938,0.699999988079071,1.5707963705062866, 0.0, 0.3228676915168762
