x,y,z,rot_x,rot_y,rot_z
-23.159725189208984,-10.704235076904297,0.699999988079071,1.5707963705062866, 0.0, 3.8595662117004395
