x,y,z,rot_x,rot_y,rot_z
-17.783369064331055,-13.611610412597656,0.699999988079071,1.5707963705062866, 0.0, -1.403618574142456
