x,y,z,rot_x,rot_y,rot_z
-53.84455871582031,8.814437866210938,0.699999988079071,1.5707963705062866, 0.0, -1.506235957145691
