x,y,z,rot_x,rot_y,rot_z
-80.20767211914062,25.9725399017334,0.699999988079071,1.5707963705062866, 0.0, 3.890362024307251
