x,y,z,rot_x,rot_y,rot_z
-75.33789825439453,35.95936965942383,0.699999988079071,1.5707963705062866, 0.0, 1.5498796701431274
