x,y,z,rot_x,rot_y,rot_z
-29.813060760498047,3.751689910888672,0.699999988079071,1.5707963705062866, 0.0, 3.459688186645508
