x,y,z,rot_x,rot_y,rot_z
-27.792272567749023,-2.098217010498047,0.699999988079071,1.5707963705062866, 0.0, 3.512596845626831
