x,y,z,rot_x,rot_y,rot_z
9.946029663085938,0.840695858001709,0.699999988079071,1.5707963705062866, 0.0, -1.285614013671875
