x,y,z,rot_x,rot_y,rot_z
-28.44808578491211,38.321163177490234,0.699999988079071,1.5707963705062866, 0.0, 2.4054436683654785
