x,y,z,rot_x,rot_y,rot_z
3.377242088317871,0.029128268361091614,0.699999988079071,1.5707963705062866, 0.0, -1.5382475852966309
