x,y,z,rot_x,rot_y,rot_z
-17.024574279785156,42.61888885498047,0.699999988079071,1.5707963705062866, 0.0, 1.3429621458053589
