x,y,z,rot_x,rot_y,rot_z
-16.050125122070312,42.325260162353516,0.699999988079071,1.5707963705062866, 0.0, 1.2463314533233643
