x,y,z,rot_x,rot_y,rot_z
-60.423828125,9.557182312011719,0.699999988079071,1.5707963705062866, 0.0, 4.409660339355469
