x,y,z,rot_x,rot_y,rot_z
15.108220100402832,5.234213829040527,0.699999988079071,1.5707963705062866, 0.0, -0.09770452976226807
