x,y,z,rot_x,rot_y,rot_z
-23.86064910888672,-9.8072509765625,0.699999988079071,1.5707963705062866, 0.0, 3.787959337234497
