x,y,z,rot_x,rot_y,rot_z
1.6661618947982788,0.0026520914398133755,0.699999988079071,1.5707963705062866, 0.0, -1.5622645616531372
