x,y,z,rot_x,rot_y,rot_z
-36.5182991027832,26.267398834228516,0.699999988079071,1.5707963705062866, 0.0, 2.43226957321167
