x,y,z,rot_x,rot_y,rot_z
-8.516241073608398,35.59810256958008,0.699999988079071,1.5707963705062866, 0.0, 0.5254339575767517
