x,y,z,rot_x,rot_y,rot_z
-41.626487731933594,24.18929100036621,0.699999988079071,1.5707963705062866, 0.0, 1.397689700126648
