x,y,z,rot_x,rot_y,rot_z
-82.45577239990234,33.953678131103516,0.699999988079071,1.5707963705062866, 0.0, 2.4964840412139893
