x,y,z,rot_x,rot_y,rot_z
-47.367191314697266,26.21856689453125,0.699999988079071,1.5707963705062866, 0.0, 1.1352616548538208
