x,y,z,rot_x,rot_y,rot_z
-34.009796142578125,11.626060485839844,0.699999988079071,1.5707963705062866, 0.0, 4.122417449951172
