x,y,z,rot_x,rot_y,rot_z
-14.283882141113281,-11.236785888671875,0.699999988079071,1.5707963705062866, 0.0, -0.6217455863952637
