x,y,z,rot_x,rot_y,rot_z
-6.885408401489258,32.01734924316406,0.699999988079071,1.5707963705062866, 0.0, 0.35922184586524963
