x,y,z,rot_x,rot_y,rot_z
-65.27596282958984,12.423515319824219,0.699999988079071,1.5707963705062866, 0.0, 3.9994583129882812
