x,y,z,rot_x,rot_y,rot_z
-15.110499382019043,41.94425582885742,0.699999988079071,1.5707963705062866, 0.0, 1.1558396816253662
