x,y,z,rot_x,rot_y,rot_z
2.5707569122314453,18.343854904174805,0.699999988079071,1.5707963705062866, 0.0, 0.9956856966018677
