x,y,z,rot_x,rot_y,rot_z
-40.8177490234375,24.1121826171875,0.699999988079071,1.5707963705062866, 0.0, 1.5045437812805176
