x,y,z,rot_x,rot_y,rot_z
-8.877185821533203,36.20735549926758,0.699999988079071,1.5707963705062866, 0.0, 0.5635437965393066
