x,y,z,rot_x,rot_y,rot_z
-5.643329620361328,28.306447982788086,0.699999988079071,1.5707963705062866, 0.0, 0.3176365792751312
