x,y,z,rot_x,rot_y,rot_z
-69.97395324707031,35.23662567138672,0.699999988079071,1.5707963705062866, 0.0, 1.368398904800415
