x,y,z,rot_x,rot_y,rot_z
-17.122922897338867,-13.469776153564453,0.699999988079071,1.5707963705062866, 0.0, -1.228590965270996
