x,y,z,rot_x,rot_y,rot_z
-36.77378463745117,25.969757080078125,0.699999988079071,1.5707963705062866, 0.0, 2.39005708694458
