x,y,z,rot_x,rot_y,rot_z
13.968737602233887,9.222749710083008,0.699999988079071,1.5707963705062866, 0.0, 0.5980105400085449
