x,y,z,rot_x,rot_y,rot_z
-58.73644256591797,31.52027130126953,0.699999988079071,1.5707963705062866, 0.0, 1.175545573234558
