x,y,z,rot_x,rot_y,rot_z
-72.75665283203125,19.415061950683594,0.699999988079071,1.5707963705062866, 0.0, 4.0202178955078125
