x,y,z,rot_x,rot_y,rot_z
-3.333660125732422,23.375051498413086,0.699999988079071,1.5707963705062866, 0.0, 0.6103663444519043
