x,y,z,rot_x,rot_y,rot_z
-43.95035171508789,24.797609329223633,0.699999988079071,1.5707963705062866, 0.0, 1.223220944404602
