x,y,z,rot_x,rot_y,rot_z
-59.08702850341797,9.188095092773438,0.699999988079071,1.5707963705062866, 0.0, 4.507270812988281
