x,y,z,rot_x,rot_y,rot_z
-82.6668930053711,33.67312240600586,0.699999988079071,1.5707963705062866, 0.0, 2.601029634475708
