x,y,z,rot_x,rot_y,rot_z
-5.187744140625,26.998353958129883,0.699999988079071,1.5707963705062866, 0.0, 0.34935128688812256
