x,y,z,rot_x,rot_y,rot_z
-28.74938201904297,0.5559043884277344,0.699999988079071,1.5707963705062866, 0.0, 3.475207567214966
