x,y,z,rot_x,rot_y,rot_z
-20.61929702758789,-12.940929412841797,0.699999988079071,1.5707963705062866, 0.0, 4.2203874588012695
