x,y,z,rot_x,rot_y,rot_z
-13.62729549407959,41.1356086730957,0.699999988079071,1.5707963705062866, 0.0, 1.017486333847046
