x,y,z,rot_x,rot_y,rot_z
-31.597244262695312,8.544235229492188,0.699999988079071,1.5707963705062866, 0.0, 3.567944288253784
