x,y,z,rot_x,rot_y,rot_z
-9.66317367553711,37.37272644042969,0.699999988079071,1.5707963705062866, 0.0, 0.6444374918937683
