x,y,z,rot_x,rot_y,rot_z
8.847679138183594,14.220142364501953,0.699999988079071,1.5707963705062866, 0.0, 0.9448976516723633
