x,y,z,rot_x,rot_y,rot_z
-30.406951904296875,35.922183990478516,0.699999988079071,1.5707963705062866, 0.0, 2.5200395584106445
