x,y,z,rot_x,rot_y,rot_z
14.078004837036133,3.087172508239746,0.699999988079071,1.5707963705062866, 0.0, -0.6945732235908508
