x,y,z,rot_x,rot_y,rot_z
-25.516727447509766,-7.153812408447266,0.699999988079071,1.5707963705062866, 0.0, 3.6495165824890137
