x,y,z,rot_x,rot_y,rot_z
-0.42496681213378906,20.433095932006836,0.699999988079071,1.5707963705062866, 0.0, 0.8955046534538269
