x,y,z,rot_x,rot_y,rot_z
-26.701881408691406,39.990509033203125,0.699999988079071,1.5707963705062866, 0.0, 2.2812390327453613
