x,y,z,rot_x,rot_y,rot_z
-0.08949470520019531,20.174381256103516,0.699999988079071,1.5707963705062866, 0.0, 0.9138672947883606
