x,y,z,rot_x,rot_y,rot_z
-5.066478729248047,26.678028106689453,0.699999988079071,1.5707963705062866, 0.0, 0.36189767718315125
