x,y,z,rot_x,rot_y,rot_z
-15.319786071777344,-12.396167755126953,0.699999988079071,1.5707963705062866, 0.0, -0.8048205375671387
