x,y,z,rot_x,rot_y,rot_z
-34.78998565673828,28.8109130859375,0.699999988079071,1.5707963705062866, 0.0, 2.5965614318847656
