x,y,z,rot_x,rot_y,rot_z
-39.71809768676758,24.181943893432617,0.699999988079071,1.5707963705062866, 0.0, 1.7064234018325806
