x,y,z,rot_x,rot_y,rot_z
-33.532318115234375,30.97287940979004,0.699999988079071,1.5707963705062866, 0.0, 2.6190237998962402
