x,y,z,rot_x,rot_y,rot_z
-39.40312576293945,11.902824401855469,0.699999988079071,1.5707963705062866, 0.0, -1.366657018661499
