x,y,z,rot_x,rot_y,rot_z
-6.642690658569336,31.34110450744629,0.699999988079071,1.5707963705062866, 0.0, 0.34008148312568665
