x,y,z,rot_x,rot_y,rot_z
-73.13040161132812,19.722381591796875,0.699999988079071,1.5707963705062866, 0.0, 4.024221897125244
