x,y,z,rot_x,rot_y,rot_z
-64.39281463623047,11.691452026367188,0.699999988079071,1.5707963705062866, 0.0, 4.065733432769775
