x,y,z,rot_x,rot_y,rot_z
-63.96638488769531,33.533870697021484,0.699999988079071,1.5707963705062866, 0.0, 1.2473500967025757
