x,y,z,rot_x,rot_y,rot_z
-44.47084426879883,24.986173629760742,0.699999988079071,1.5707963705062866, 0.0, 1.2012104988098145
