x,y,z,rot_x,rot_y,rot_z
-64.98810577392578,12.174629211425781,0.699999988079071,1.5707963705062866, 0.0, 4.019478797912598
