x,y,z,rot_x,rot_y,rot_z
-56.60536193847656,8.830474853515625,0.699999988079071,1.5707963705062866, 0.0, 4.654650688171387
