x,y,z,rot_x,rot_y,rot_z
0.25774574279785156,19.915712356567383,0.699999988079071,1.5707963705062866, 0.0, 0.9305506944656372
