x,y,z,rot_x,rot_y,rot_z
-66.58319854736328,34.368202209472656,0.699999988079071,1.5707963705062866, 0.0, 1.2936984300613403
