x,y,z,rot_x,rot_y,rot_z
-43.44896697998047,24.630449295043945,0.699999988079071,1.5707963705062866, 0.0, 1.2489873170852661
