x,y,z,rot_x,rot_y,rot_z
-46.02098083496094,10.153053283691406,0.699999988079071,1.5707963705062866, 0.0, -1.3159410953521729
