x,y,z,rot_x,rot_y,rot_z
6.233868598937988,0.19554807245731354,0.699999988079071,1.5707963705062866, 0.0, -1.465689778327942
