x,y,z,rot_x,rot_y,rot_z
10.158834457397461,13.213756561279297,0.699999988079071,1.5707963705062866, 0.0, 0.9002871513366699
