x,y,z,rot_x,rot_y,rot_z
-38.43107604980469,24.619916915893555,0.699999988079071,1.5707963705062866, 0.0, 2.0167317390441895
