x,y,z,rot_x,rot_y,rot_z
15.122919082641602,6.274349689483643,0.699999988079071,1.5707963705062866, 0.0, 0.1430187225341797
