x,y,z,rot_x,rot_y,rot_z
-32.18511962890625,33.249324798583984,0.699999988079071,1.5707963705062866, 0.0, 2.594297409057617
