x,y,z,rot_x,rot_y,rot_z
-36.26648712158203,26.583545684814453,0.699999988079071,1.5707963705062866, 0.0, 2.4689924716949463
