x,y,z,rot_x,rot_y,rot_z
-48.44895553588867,9.577880859375,0.699999988079071,1.5707963705062866, 0.0, -1.3539869785308838
