x,y,z,rot_x,rot_y,rot_z
11.751495361328125,1.479042887687683,0.699999988079071,1.5707963705062866, 0.0, -1.1256639957427979
