x,y,z,rot_x,rot_y,rot_z
-25.198352813720703,-7.725776672363281,0.699999988079071,1.5707963705062866, 0.0, 3.673299551010132
