x,y,z,rot_x,rot_y,rot_z
-25.61920166015625,40.81990432739258,0.699999988079071,1.5707963705062866, 0.0, 2.194669723510742
