x,y,z,rot_x,rot_y,rot_z
-13.593437194824219,-10.200313568115234,0.699999988079071,1.5707963705062866, 0.0, -0.5278351306915283
