x,y,z,rot_x,rot_y,rot_z
8.422022819519043,0.49504461884498596,0.699999988079071,1.5707963705062866, 0.0, -1.375805139541626
