x,y,z,rot_x,rot_y,rot_z
-9.37948989868164,-2.3104248046875,0.699999988079071,1.5707963705062866, 0.0, -0.7618515491485596
