x,y,z,rot_x,rot_y,rot_z
-63.76616668701172,11.231071472167969,0.699999988079071,1.5707963705062866, 0.0, 4.119346618652344
