x,y,z,rot_x,rot_y,rot_z
-64.08378601074219,11.458152770996094,0.699999988079071,1.5707963705062866, 0.0, 4.091701030731201
