x,y,z,rot_x,rot_y,rot_z
-61.2503776550293,9.861495971679688,0.699999988079071,1.5707963705062866, 0.0, 4.342658996582031
