x,y,z,rot_x,rot_y,rot_z
-69.12836456298828,16.202472686767578,0.699999988079071,1.5707963705062866, 0.0, 3.940603733062744
