x,y,z,rot_x,rot_y,rot_z
-70.03160095214844,17.055076599121094,0.699999988079071,1.5707963705062866, 0.0, 3.9637625217437744
