x,y,z,rot_x,rot_y,rot_z
-57.12592697143555,8.875007629394531,0.699999988079071,1.5707963705062866, 0.0, 4.627054691314697
