x,y,z,rot_x,rot_y,rot_z
-14.784862518310547,-11.853446960449219,0.699999988079071,1.5707963705062866, 0.0, -0.7041530609130859
