x,y,z,rot_x,rot_y,rot_z
-22.80316162109375,-11.112438201904297,0.699999988079071,1.5707963705062866, 0.0, 3.899749517440796
