x,y,z,rot_x,rot_y,rot_z
-14.045829772949219,-10.904563903808594,0.699999988079071,1.5707963705062866, 0.0, -0.5867249965667725
