x,y,z,rot_x,rot_y,rot_z
-32.01851272583008,9.368209838867188,0.699999988079071,1.5707963705062866, 0.0, 3.631788969039917
