x,y,z,rot_x,rot_y,rot_z
13.226760864257812,2.323981285095215,0.699999988079071,1.5707963705062866, 0.0, -0.9060003757476807
