x,y,z,rot_x,rot_y,rot_z
-24.887969970703125,41.29627990722656,0.699999988079071,1.5707963705062866, 0.0, 2.1322388648986816
