x,y,z,rot_x,rot_y,rot_z
-83.21385192871094,32.07907485961914,0.699999988079071,1.5707963705062866, 0.0, 3.110971212387085
