x,y,z,rot_x,rot_y,rot_z
-40.436798095703125,24.110605239868164,0.699999988079071,1.5707963705062866, 0.0, 1.5666546821594238
