x,y,z,rot_x,rot_y,rot_z
-63.1024284362793,10.7977294921875,0.699999988079071,1.5707963705062866, 0.0, 4.178894996643066
