x,y,z,rot_x,rot_y,rot_z
-38.461769104003906,12.086990356445312,0.699999988079071,1.5707963705062866, 0.0, -1.4154696464538574
