x,y,z,rot_x,rot_y,rot_z
-30.79904556274414,6.612945556640625,0.699999988079071,1.5707963705062866, 0.0, 3.4909286499023438
