x,y,z,rot_x,rot_y,rot_z
-1.35943603515625,21.213083267211914,0.699999988079071,1.5707963705062866, 0.0, 0.8307806849479675
