x,y,z,rot_x,rot_y,rot_z
-46.62359619140625,10.000953674316406,0.699999988079071,1.5707963705062866, 0.0, -1.323566198348999
