x,y,z,rot_x,rot_y,rot_z
-72.38426208496094,35.677494049072266,0.699999988079071,1.5707963705062866, 0.0, 1.4365737438201904
