x,y,z,rot_x,rot_y,rot_z
-28.520322799682617,-0.10503005981445312,0.699999988079071,1.5707963705062866, 0.0, 3.4826347827911377
