x,y,z,rot_x,rot_y,rot_z
-75.49102783203125,21.64643096923828,0.699999988079071,1.5707963705062866, 0.0, 4.026056289672852
