x,y,z,rot_x,rot_y,rot_z
7.888861179351807,0.40377458930015564,0.699999988079071,1.5707963705062866, 0.0, -1.401253342628479
