x,y,z,rot_x,rot_y,rot_z
-22.30867576599121,42.47140121459961,0.699999988079071,1.5707963705062866, 0.0, 1.889276385307312
