x,y,z,rot_x,rot_y,rot_z
-52.67897415161133,8.902320861816406,0.699999988079071,1.5707963705062866, 0.0, -1.4648127555847168
