x,y,z,rot_x,rot_y,rot_z
-64.84230041503906,33.82749557495117,0.699999988079071,1.5707963705062866, 0.0, 1.2619731426239014
