x,y,z,rot_x,rot_y,rot_z
-35.770729064941406,27.26738166809082,0.699999988079071,1.5707963705062866, 0.0, 2.5275890827178955
