x,y,z,rot_x,rot_y,rot_z
-44.83055114746094,10.467147827148438,0.699999988079071,1.5707963705062866, 0.0, -1.3048510551452637
