x,y,z,rot_x,rot_y,rot_z
-16.18549346923828,-13.04648208618164,0.699999988079071,1.5707963705062866, 0.0, -0.9939820766448975
