x,y,z,rot_x,rot_y,rot_z
-33.00659942626953,31.87836265563965,0.699999988079071,1.5707963705062866, 0.0, 2.6138503551483154
