x,y,z,rot_x,rot_y,rot_z
-35.03553771972656,28.405899047851562,0.699999988079071,1.5707963705062866, 0.0, 2.5844147205352783
