x,y,z,rot_x,rot_y,rot_z
-77.93074798583984,23.730419158935547,0.699999988079071,1.5707963705062866, 0.0, 3.98442006111145
