x,y,z,rot_x,rot_y,rot_z
3.951726198196411,0.04783361777663231,0.699999988079071,1.5707963705062866, 0.0, -1.526998519897461
