x,y,z,rot_x,rot_y,rot_z
-3.1256847381591797,23.09534454345703,0.699999988079071,1.5707963705062866, 0.0, 0.6393572092056274
