x,y,z,rot_x,rot_y,rot_z
-81.4885482788086,27.52863883972168,0.699999988079071,1.5707963705062866, 0.0, 3.7886030673980713
