x,y,z,rot_x,rot_y,rot_z
-31.901628494262695,33.704925537109375,0.699999988079071,1.5707963705062866, 0.0, 2.584986925125122
