x,y,z,rot_x,rot_y,rot_z
-81.26714324951172,34.918087005615234,0.699999988079071,1.5707963705062866, 0.0, 2.1249635219573975
