x,y,z,rot_x,rot_y,rot_z
-32.69774627685547,10.41259765625,0.699999988079071,1.5707963705062866, 0.0, 3.769669532775879
