x,y,z,rot_x,rot_y,rot_z
-5.969791412353516,29.30948257446289,0.699999988079071,1.5707963705062866, 0.0, 0.3119772970676422
