x,y,z,rot_x,rot_y,rot_z
-70.66783142089844,17.631607055664062,0.699999988079071,1.5707963705062866, 0.0, 3.9802634716033936
