x,y,z,rot_x,rot_y,rot_z
-40.91526412963867,11.538154602050781,0.699999988079071,1.5707963705062866, 0.0, -1.3215901851654053
