x,y,z,rot_x,rot_y,rot_z
-68.29827117919922,34.84021759033203,0.699999988079071,1.5707963705062866, 0.0, 1.3290148973464966
