x,y,z,rot_x,rot_y,rot_z
-9.142696380615234,-2.0622100830078125,0.699999988079071,1.5707963705062866, 0.0, -0.8161904811859131
