x,y,z,rot_x,rot_y,rot_z
-9.82373046875,-2.8520164489746094,0.699999988079071,1.5707963705062866, 0.0, -0.6635253429412842
