x,y,z,rot_x,rot_y,rot_z
-78.72183227539062,24.461833953857422,0.699999988079071,1.5707963705062866, 0.0, 3.9595727920532227
