x,y,z,rot_x,rot_y,rot_z
-25.254316329956055,41.06586456298828,0.699999988079071,1.5707963705062866, 0.0, 2.1639087200164795
