x,y,z,rot_x,rot_y,rot_z
-24.541513442993164,-8.810810089111328,0.699999988079071,1.5707963705062866, 0.0, 3.7264022827148438
