x,y,z,rot_x,rot_y,rot_z
7.943108558654785,14.865694999694824,0.699999988079071,1.5707963705062866, 0.0, 0.967836856842041
