x,y,z,rot_x,rot_y,rot_z
-62.39661407470703,10.39581298828125,0.699999988079071,1.5707963705062866, 0.0, 4.24272346496582
