x,y,z,rot_x,rot_y,rot_z
-78.32914733886719,24.093936920166016,0.699999988079071,1.5707963705062866, 0.0, 3.9727423191070557
