x,y,z,rot_x,rot_y,rot_z
-4.675630569458008,25.735857009887695,0.699999988079071,1.5707963705062866, 0.0, 0.4108208417892456
