x,y,z,rot_x,rot_y,rot_z
-6.762472152709961,31.67963409423828,0.699999988079071,1.5707963705062866, 0.0, 0.34911325573921204
