x,y,z,rot_x,rot_y,rot_z
-22.443359375,-11.492401123046875,0.699999988079071,1.5707963705062866, 0.0, 3.943223237991333
