x,y,z,rot_x,rot_y,rot_z
-36.750144958496094,12.266777038574219,0.699999988079071,1.5707963705062866, 0.0, 4.708858013153076
