x,y,z,rot_x,rot_y,rot_z
-20.848655700683594,42.807132720947266,0.699999988079071,1.5707963705062866, 0.0, 1.7399672269821167
