x,y,z,rot_x,rot_y,rot_z
-11.16054916381836,-5.165157318115234,0.699999988079071,1.5707963705062866, 0.0, -0.4534335136413574
