x,y,z,rot_x,rot_y,rot_z
-48.663455963134766,26.826831817626953,0.699999988079071,1.5707963705062866, 0.0, 1.124421238899231
