x,y,z,rot_x,rot_y,rot_z
-35.28041458129883,28.01285743713379,0.699999988079071,1.5707963705062866, 0.0, 2.5690956115722656
