x,y,z,rot_x,rot_y,rot_z
-39.894256591796875,11.791694641113281,0.699999988079071,1.5707963705062866, 0.0, -1.3482751846313477
