x,y,z,rot_x,rot_y,rot_z
-38.012184143066406,12.157394409179688,0.699999988079071,1.5707963705062866, 0.0, -1.4468042850494385
