x,y,z,rot_x,rot_y,rot_z
-18.467939376831055,-13.633419036865234,0.699999988079071,1.5707963705062866, 0.0, 4.699541091918945
