x,y,z,rot_x,rot_y,rot_z
-66.65126037597656,13.723442077636719,0.699999988079071,1.5707963705062866, 0.0, 3.9332504272460938
