x,y,z,rot_x,rot_y,rot_z
-5.861345291137695,28.973539352416992,0.699999988079071,1.5707963705062866, 0.0, 0.31225332617759705
