x,y,z,rot_x,rot_y,rot_z
-17.356719970703125,42.695899963378906,0.699999988079071,1.5707963705062866, 0.0, 1.3765335083007812
