x,y,z,rot_x,rot_y,rot_z
-80.8846664428711,35.115596771240234,0.699999988079071,1.5707963705062866, 0.0, 2.047477960586548
