x,y,z,rot_x,rot_y,rot_z
-79.02584838867188,35.70980453491211,0.699999988079071,1.5707963705062866, 0.0, 1.7968952655792236
