x,y,z,rot_x,rot_y,rot_z
14.59390640258789,8.101057052612305,0.699999988079071,1.5707963705062866, 0.0, 0.4586290121078491
