x,y,z,rot_x,rot_y,rot_z
-38.13572692871094,24.789331436157227,0.699999988079071,1.5707963705062866, 0.0, 2.0915775299072266
