x,y,z,rot_x,rot_y,rot_z
-35.61878967285156,12.199470520019531,0.699999988079071,1.5707963705062866, 0.0, 4.5240983963012695
