x,y,z,rot_x,rot_y,rot_z
-27.269935607910156,-3.4165306091308594,0.699999988079071,1.5707963705062866, 0.0, 3.538823127746582
