x,y,z,rot_x,rot_y,rot_z
-5.298931121826172,-0.2618522644042969,0.699999988079071,1.5707963705062866, 0.0, -1.4216187000274658
