x,y,z,rot_x,rot_y,rot_z
-8.635971069335938,-1.6121597290039062,0.699999988079071,1.5707963705062866, 0.0, -0.9316458702087402
