x,y,z,rot_x,rot_y,rot_z
-24.520475387573242,41.51106262207031,0.699999988079071,1.5707963705062866, 0.0, 2.0997016429901123
