x,y,z,rot_x,rot_y,rot_z
-12.520025253295898,40.3495979309082,0.699999988079071,1.5707963705062866, 0.0, 0.9160270094871521
