x,y,z,rot_x,rot_y,rot_z
-18.71909523010254,42.89084243774414,0.699999988079071,1.5707963705062866, 0.0, 1.5169585943222046
