x,y,z,rot_x,rot_y,rot_z
3.417740821838379,17.80345344543457,0.699999988079071,1.5707963705062866, 0.0, 1.0047614574432373
