x,y,z,rot_x,rot_y,rot_z
-8.343694686889648,35.287506103515625,0.699999988079071,1.5707963705062866, 0.0, 0.5070752501487732
