x,y,z,rot_x,rot_y,rot_z
-32.463653564453125,32.7922477722168,0.699999988079071,1.5707963705062866, 0.0, 2.6022610664367676
