x,y,z,rot_x,rot_y,rot_z
-13.815780639648438,-10.55853271484375,0.699999988079071,1.5707963705062866, 0.0, -0.5554914474487305
