x,y,z,rot_x,rot_y,rot_z
-2.43756103515625,22.274145126342773,0.699999988079071,1.5707963705062866, 0.0, 0.7258065938949585
