x,y,z,rot_x,rot_y,rot_z
6.106151580810547,16.095623016357422,0.699999988079071,1.5707963705062866, 0.0, 0.998269259929657
