x,y,z,rot_x,rot_y,rot_z
14.836230278015137,4.258575916290283,0.699999988079071,1.5707963705062866, 0.0, -0.3599355220794678
