x,y,z,rot_x,rot_y,rot_z
-9.259477615356445,36.799381256103516,0.699999988079071,1.5707963705062866, 0.0, 0.6032856702804565
