x,y,z,rot_x,rot_y,rot_z
-81.19264221191406,27.1369686126709,0.699999988079071,1.5707963705062866, 0.0, 3.817699432373047
