x,y,z,rot_x,rot_y,rot_z
-40.39846420288086,11.669677734375,0.699999988079071,1.5707963705062866, 0.0, -1.333371877670288
