x,y,z,rot_x,rot_y,rot_z
-7.704767227172852,34.01034927368164,0.699999988079071,1.5707963705062866, 0.0, 0.4392009377479553
