x,y,z,rot_x,rot_y,rot_z
-27.534942626953125,-2.7597007751464844,0.699999988079071,1.5707963705062866, 0.0, 3.525083303451538
