x,y,z,rot_x,rot_y,rot_z
-6.188058853149414,29.98480224609375,0.699999988079071,1.5707963705062866, 0.0, 0.31594380736351013
