x,y,z,rot_x,rot_y,rot_z
-51.487998962402344,9.040603637695312,0.699999988079071,1.5707963705062866, 0.0, -1.4276926517486572
