x,y,z,rot_x,rot_y,rot_z
-32.7374153137207,32.334861755371094,0.699999988079071,1.5707963705062866, 0.0, 2.6088039875030518
