x,y,z,rot_x,rot_y,rot_z
-37.84919357299805,24.981826782226562,0.699999988079071,1.5707963705062866, 0.0, 2.1623575687408447
