x,y,z,rot_x,rot_y,rot_z
10.987287521362305,12.518896102905273,0.699999988079071,1.5707963705062866, 0.0, 0.863146185874939
