x,y,z,rot_x,rot_y,rot_z
0.5484336018562317,-5.7143410231219605e-05,0.699999988079071,1.5707963705062866, 0.0, -1.569831371307373
