x,y,z,rot_x,rot_y,rot_z
-26.716487884521484,-4.708549499511719,0.699999988079071,1.5707963705062866, 0.0, 3.5701422691345215
