x,y,z,rot_x,rot_y,rot_z
-29.77306365966797,36.76176834106445,0.699999988079071,1.5707963705062866, 0.0, 2.4861128330230713
