x,y,z,rot_x,rot_y,rot_z
-20.985122680664062,-12.713443756103516,0.699999988079071,1.5707963705062866, 0.0, 4.156052112579346
