x,y,z,rot_x,rot_y,rot_z
-23.414226531982422,42.06128692626953,0.699999988079071,1.5707963705062866, 0.0, 1.9973686933517456
