x,y,z,rot_x,rot_y,rot_z
5.6480512619018555,16.390886306762695,0.699999988079071,1.5707963705062866, 0.0, 1.0026825666427612
