x,y,z,rot_x,rot_y,rot_z
-82.96212005615234,30.253976821899414,0.699999988079071,1.5707963705062866, 0.0, 3.4862279891967773
