x,y,z,rot_x,rot_y,rot_z
-79.53864288330078,35.59184646606445,0.699999988079071,1.5707963705062866, 0.0, 1.8514829874038696
