x,y,z,rot_x,rot_y,rot_z
-18.373676300048828,42.859745025634766,0.699999988079071,1.5707963705062866, 0.0, 1.4810097217559814
