x,y,z,rot_x,rot_y,rot_z
-37.57060241699219,25.196813583374023,0.699999988079071,1.5707963705062866, 0.0, 2.228040933609009
