x,y,z,rot_x,rot_y,rot_z
-47.22980880737305,9.853683471679688,0.699999988079071,1.5707963705062866, 0.0, -1.3324804306030273
