x,y,z,rot_x,rot_y,rot_z
5.192636489868164,16.681583404541016,0.699999988079071,1.5707963705062866, 0.0, 1.0057954788208008
