x,y,z,rot_x,rot_y,rot_z
-6.806968688964844,-0.6318626403808594,0.699999988079071,1.5707963705062866, 0.0, -1.2647638320922852
