x,y,z,rot_x,rot_y,rot_z
-66.11044311523438,13.193954467773438,0.699999988079071,1.5707963705062866, 0.0, 3.9528472423553467
