x,y,z,rot_x,rot_y,rot_z
-30.09251594543457,36.34629440307617,0.699999988079071,1.5707963705062866, 0.0, 2.503619909286499
