x,y,z,rot_x,rot_y,rot_z
-29.609315872192383,3.1329269409179688,0.699999988079071,1.5707963705062866, 0.0, 3.459624767303467
