x,y,z,rot_x,rot_y,rot_z
-40.07050323486328,24.133852005004883,0.699999988079071,1.5707963705062866, 0.0, 1.6341781616210938
