x,y,z,rot_x,rot_y,rot_z
-67.18788146972656,14.262557983398438,0.699999988079071,1.5707963705062866, 0.0, 3.9225287437438965
