x,y,z,rot_x,rot_y,rot_z
-7.14678955078125,-0.7579002380371094,0.699999988079071,1.5707963705062866, 0.0, -1.215630292892456
