x,y,z,rot_x,rot_y,rot_z
-77.30653381347656,35.93457794189453,0.699999988079071,1.5707963705062866, 0.0, 1.6586170196533203
