x,y,z,rot_x,rot_y,rot_z
-65.83626556396484,12.93359375,0.699999988079071,1.5707963705062866, 0.0, 3.9660937786102295
