x,y,z,rot_x,rot_y,rot_z
-73.51072692871094,20.033180236816406,0.699999988079071,1.5707963705062866, 0.0, 4.027245998382568
