x,y,z,rot_x,rot_y,rot_z
-50.27900314331055,9.225311279296875,0.699999988079071,1.5707963705062866, 0.0, -1.394901990890503
