x,y,z,rot_x,rot_y,rot_z
-30.995256423950195,7.129020690917969,0.699999988079071,1.5707963705062866, 0.0, 3.504910945892334
