x,y,z,rot_x,rot_y,rot_z
-59.54561233520508,9.298904418945312,0.699999988079071,1.5707963705062866, 0.0, 4.475310325622559
