x,y,z,rot_x,rot_y,rot_z
-46.74842834472656,25.936847686767578,0.699999988079071,1.5707963705062866, 0.0, 1.143547773361206
