x,y,z,rot_x,rot_y,rot_z
-77.12205505371094,23.01706314086914,0.699999988079071,1.5707963705062866, 0.0, 4.0035481452941895
