x,y,z,rot_x,rot_y,rot_z
-67.45677947998047,14.53509521484375,0.699999988079071,1.5707963705062866, 0.0, 3.920271873474121
