x,y,z,rot_x,rot_y,rot_z
-20.254384994506836,-13.136512756347656,0.699999988079071,1.5707963705062866, 0.0, 4.2895402908325195
