x,y,z,rot_x,rot_y,rot_z
-69.72406768798828,16.769371032714844,0.699999988079071,1.5707963705062866, 0.0, 3.9556326866149902
