x,y,z,rot_x,rot_y,rot_z
-78.48226165771484,35.80651092529297,0.699999988079071,1.5707963705062866, 0.0, 1.7468582391738892
