x,y,z,rot_x,rot_y,rot_z
-3.082347869873047,-0.046863555908203125,0.699999988079071,1.5707963705062866, 0.0, -1.5321431159973145
