x,y,z,rot_x,rot_y,rot_z
-67.72718048095703,14.809349060058594,0.699999988079071,1.5707963705062866, 0.0, 3.919916868209839
