x,y,z,rot_x,rot_y,rot_z
-82.02311706542969,28.313772201538086,0.699999988079071,1.5707963705062866, 0.0, 3.721620798110962
