x,y,z,rot_x,rot_y,rot_z
-34.61396789550781,11.92913818359375,0.699999988079071,1.5707963705062866, 0.0, 4.28926944732666
