x,y,z,rot_x,rot_y,rot_z
-54.97804260253906,8.779708862304688,0.699999988079071,1.5707963705062866, 0.0, -1.5519620180130005
