x,y,z,rot_x,rot_y,rot_z
-75.8976821899414,21.982105255126953,0.699999988079071,1.5707963705062866, 0.0, 4.02231502532959
