x,y,z,rot_x,rot_y,rot_z
-77.90882873535156,35.88154983520508,0.699999988079071,1.5707963705062866, 0.0, 1.700914978981018
