x,y,z,rot_x,rot_y,rot_z
-76.30577850341797,22.322402954101562,0.699999988079071,1.5707963705062866, 0.0, 4.017334461212158
