x,y,z,rot_x,rot_y,rot_z
-10.764907836914062,38.71577072143555,0.699999988079071,1.5707963705062866, 0.0, 0.752549409866333
