x,y,z,rot_x,rot_y,rot_z
-70.99703979492188,17.922748565673828,0.699999988079071,1.5707963705062866, 0.0, 3.98827862739563
