x,y,z,rot_x,rot_y,rot_z
-67.44480895996094,34.613258361816406,0.699999988079071,1.5707963705062866, 0.0, 1.3108829259872437
