x,y,z,rot_x,rot_y,rot_z
-82.82487487792969,29.871641159057617,0.699999988079071,1.5707963705062866, 0.0, 3.542780876159668
