x,y,z,rot_x,rot_y,rot_z
-11.241714477539062,39.21366882324219,0.699999988079071,1.5707963705062866, 0.0, 0.7977375388145447
