x,y,z,rot_x,rot_y,rot_z
-7.557315826416016,33.68354034423828,0.699999988079071,1.5707963705062866, 0.0, 0.4238421618938446
