x,y,z,rot_x,rot_y,rot_z
-26.343297958374023,40.28200912475586,0.699999988079071,1.5707963705062866, 0.0, 2.2533626556396484
