x,y,z,rot_x,rot_y,rot_z
-7.414487838745117,33.35422897338867,0.699999988079071,1.5707963705062866, 0.0, 0.4092256724834442
