x,y,z,rot_x,rot_y,rot_z
14.99219799041748,6.9945387840271,0.699999988079071,1.5707963705062866, 0.0, 0.2827889919281006
