x,y,z,rot_x,rot_y,rot_z
-4.386632919311523,25.124568939208984,0.699999988079071,1.5707963705062866, 0.0, 0.45247289538383484
