x,y,z,rot_x,rot_y,rot_z
7.485511779785156,15.180746078491211,0.699999988079071,1.5707963705062866, 0.0, 0.9773589968681335
