x,y,z,rot_x,rot_y,rot_z
-61.33649826049805,32.5734748840332,0.699999988079071,1.5707963705062866, 0.0, 1.2081116437911987
