x,y,z,rot_x,rot_y,rot_z
-25.9822998046875,40.558555603027344,0.699999988079071,1.5707963705062866, 0.0, 2.224498748779297
