x,y,z,rot_x,rot_y,rot_z
-27.76009750366211,39.02958679199219,0.699999988079071,1.5707963705062866, 0.0, 2.3588390350341797
