x,y,z,rot_x,rot_y,rot_z
10.885438919067383,1.1339702606201172,0.699999988079071,1.5707963705062866, 0.0, -1.2120699882507324
