x,y,z,rot_x,rot_y,rot_z
5.0987772941589355,0.10548623651266098,0.699999988079071,1.5707963705062866, 0.0, -1.4996616840362549
