x,y,z,rot_x,rot_y,rot_z
13.53620719909668,2.56653094291687,0.699999988079071,1.5707963705062866, 0.0, -0.8400635123252869
