x,y,z,rot_x,rot_y,rot_z
-37.29908752441406,25.433629989624023,0.699999988079071,1.5707963705062866, 0.0, 2.2880308628082275
