x,y,z,rot_x,rot_y,rot_z
-73.90337371826172,35.86314010620117,0.699999988079071,1.5707963705062866, 0.0, 1.489477276802063
