x,y,z,rot_x,rot_y,rot_z
-74.2890625,20.666061401367188,0.699999988079071,1.5707963705062866, 0.0, 4.030154228210449
