x,y,z,rot_x,rot_y,rot_z
-6.0785369873046875,29.646663665771484,0.699999988079071,1.5707963705062866, 0.0, 0.31323161721229553
