x,y,z,rot_x,rot_y,rot_z
-27.41057586669922,39.36391830444336,0.699999988079071,1.5707963705062866, 0.0, 2.3339900970458984
