x,y,z,rot_x,rot_y,rot_z
-50.036277770996094,27.486345291137695,0.699999988079071,1.5707963705062866, 0.0, 1.120080590248108
