x,y,z,rot_x,rot_y,rot_z
-75.0867919921875,21.315284729003906,0.699999988079071,1.5707963705062866, 0.0, 4.028592586517334
