x,y,z,rot_x,rot_y,rot_z
-24.87315559387207,-8.278629302978516,0.699999988079071,1.5707963705062866, 0.0, 3.698883295059204
