x,y,z,rot_x,rot_y,rot_z
-19.772674560546875,42.90886688232422,0.699999988079071,1.5707963705062866, 0.0, 1.627363920211792
