x,y,z,rot_x,rot_y,rot_z
-13.915339469909668,41.31352233886719,0.699999988079071,1.5707963705062866, 0.0, 1.0440349578857422
