x,y,z,rot_x,rot_y,rot_z
-14.207745552062988,41.483577728271484,0.699999988079071,1.5707963705062866, 0.0, 1.0711086988449097
