x,y,z,rot_x,rot_y,rot_z
11.328248023986816,1.3000012636184692,0.699999988079071,1.5707963705062866, 0.0, -1.170604944229126
