x,y,z,rot_x,rot_y,rot_z
15.071383476257324,6.632231712341309,0.699999988079071,1.5707963705062866, 0.0, 0.21517503261566162
