x,y,z,rot_x,rot_y,rot_z
-12.035797119140625,-7.091529846191406,0.699999988079071,1.5707963705062866, 0.0, -0.41994404792785645
