x,y,z,rot_x,rot_y,rot_z
-70.79280853271484,35.404659271240234,0.699999988079071,1.5707963705062866, 0.0, 1.3898054361343384
