x,y,z,rot_x,rot_y,rot_z
-57.63473129272461,8.9332275390625,0.699999988079071,1.5707963705062866, 0.0, 4.598465919494629
