x,y,z,rot_x,rot_y,rot_z
-1.0600109100341797,20.952104568481445,0.699999988079071,1.5707963705062866, 0.0, 0.8538939952850342
