x,y,z,rot_x,rot_y,rot_z
-33.78950119018555,30.526363372802734,0.699999988079071,1.5707963705062866, 0.0, 2.618906259536743
