x,y,z,rot_x,rot_y,rot_z
-18.122901916503906,-13.637855529785156,0.699999988079071,1.5707963705062866, 0.0, -1.493654489517212
