x,y,z,rot_x,rot_y,rot_z
-33.19179916381836,10.977283477783203,0.699999988079071,1.5707963705062866, 0.0, 3.8935751914978027
