x,y,z,rot_x,rot_y,rot_z
-31.319339752197266,34.607181549072266,0.699999988079071,1.5707963705062866, 0.0, 2.5625603199005127
