x,y,z,rot_x,rot_y,rot_z
-15.048057556152344,-12.134796142578125,0.699999988079071,1.5707963705062866, 0.0, -0.7520725727081299
