x,y,z,rot_x,rot_y,rot_z
8.943538665771484,0.5980443358421326,0.699999988079071,1.5707963705062866, 0.0, -1.3481571674346924
