x,y,z,rot_x,rot_y,rot_z
-66.3818130493164,13.457344055175781,0.699999988079071,1.5707963705062866, 0.0, 3.9419078826904297
