x,y,z,rot_x,rot_y,rot_z
5.6685333251953125,0.14608412981033325,0.699999988079071,1.5707963705062866, 0.0, -1.4835237264633179
