x,y,z,rot_x,rot_y,rot_z
15.1464204788208,5.921591281890869,0.699999988079071,1.5707963705062866, 0.0, 0.06652295589447021
