x,y,z,rot_x,rot_y,rot_z
-10.983074188232422,-4.800952911376953,0.699999988079071,1.5707963705062866, 0.0, -0.47081923484802246
