x,y,z,rot_x,rot_y,rot_z
12.135446548461914,11.445314407348633,0.699999988079071,1.5707963705062866, 0.0, 0.7946817278862
