x,y,z,rot_x,rot_y,rot_z
-36.01755905151367,26.91721534729004,0.699999988079071,1.5707963705062866, 0.0, 2.500626802444458
