x,y,z,rot_x,rot_y,rot_z
12.823064804077148,10.712661743164062,0.699999988079071,1.5707963705062866, 0.0, 0.7391262054443359
