x,y,z,rot_x,rot_y,rot_z
-34.294456481933594,29.652027130126953,0.699999988079071,1.5707963705062866, 0.0, 2.6125009059906006
