x,y,z,rot_x,rot_y,rot_z
-4.011684417724609,-0.10573959350585938,0.699999988079071,1.5707963705062866, 0.0, -1.4981138706207275
