x,y,z,rot_x,rot_y,rot_z
-55.383270263671875,30.036191940307617,0.699999988079071,1.5707963705062866, 0.0, 1.1426931619644165
