x,y,z,rot_x,rot_y,rot_z
-21.351150512695312,-12.454349517822266,0.699999988079071,1.5707963705062866, 0.0, 4.096412181854248
