x,y,z,rot_x,rot_y,rot_z
-63.089027404785156,33.2261962890625,0.699999988079071,1.5707963705062866, 0.0, 1.2335139513015747
