x,y,z,rot_x,rot_y,rot_z
-82.98638916015625,33.070919036865234,0.699999988079071,1.5707963705062866, 0.0, 2.8132200241088867
