x,y,z,rot_x,rot_y,rot_z
-0.7485065460205078,20.69222068786621,0.699999988079071,1.5707963705062866, 0.0, 0.8754951357841492
