x,y,z,rot_x,rot_y,rot_z
-20.48781967163086,42.85487365722656,0.699999988079071,1.5707963705062866, 0.0, 1.702336072921753
