x,y,z,rot_x,rot_y,rot_z
12.487860679626465,11.080415725708008,0.699999988079071,1.5707963705062866, 0.0, 0.7679965496063232
