x,y,z,rot_x,rot_y,rot_z
9.452001571655273,0.7131564021110535,0.699999988079071,1.5707963705062866, 0.0, -1.318150281906128
