x,y,z,rot_x,rot_y,rot_z
-10.429210662841797,-3.770648956298828,0.699999988079071,1.5707963705062866, 0.0, -0.5475161075592041
