x,y,z,rot_x,rot_y,rot_z
-4.941099166870117,26.36074447631836,0.699999988079071,1.5707963705062866, 0.0, 0.3763338625431061
