x,y,z,rot_x,rot_y,rot_z
-17.69236183166504,42.76193618774414,0.699999988079071,1.5707963705062866, 0.0, 1.4107493162155151
