x,y,z,rot_x,rot_y,rot_z
0.9865398406982422,19.39703941345215,0.699999988079071,1.5707963705062866, 0.0, 0.9588519334793091
