x,y,z,rot_x,rot_y,rot_z
14.88583755493164,7.360572338104248,0.699999988079071,1.5707963705062866, 0.0, 0.34582507610321045
