x,y,z,rot_x,rot_y,rot_z
-15.419706344604492,42.08047103881836,0.699999988079071,1.5707963705062866, 0.0, 1.1853342056274414
