x,y,z,rot_x,rot_y,rot_z
-34.54314422607422,29.226696014404297,0.699999988079071,1.5707963705062866, 0.0, 2.6058435440063477
