x,y,z,rot_x,rot_y,rot_z
-52.23139190673828,28.547718048095703,0.699999988079071,1.5707963705062866, 0.0, 1.12346613407135
