x,y,z,rot_x,rot_y,rot_z
-42.502044677734375,24.363195419311523,0.699999988079071,1.5707963705062866, 0.0, 1.3133784532546997
