x,y,z,rot_x,rot_y,rot_z
-15.60000991821289,-12.63613510131836,0.699999988079071,1.5707963705062866, 0.0, -0.8626308441162109
