x,y,z,rot_x,rot_y,rot_z
7.026025772094727,15.490690231323242,0.699999988079071,1.5707963705062866, 0.0, 0.9856029748916626
