x,y,z,rot_x,rot_y,rot_z
-82.25897216796875,28.705896377563477,0.699999988079071,1.5707963705062866, 0.0, 3.683103561401367
