x,y,z,rot_x,rot_y,rot_z
-2.1857051849365234,22.005735397338867,0.699999988079071,1.5707963705062866, 0.0, 0.7535927295684814
