x,y,z,rot_x,rot_y,rot_z
-72.03033447265625,18.809951782226562,0.699999988079071,1.5707963705062866, 0.0, 4.009546756744385
