x,y,z,rot_x,rot_y,rot_z
-19.530134201049805,-13.43130111694336,0.699999988079071,1.5707963705062866, 0.0, 4.44203519821167
