x,y,z,rot_x,rot_y,rot_z
-52.086212158203125,8.965385437011719,0.699999988079071,1.5707963705062866, 0.0, -1.4457147121429443
