x,y,z,rot_x,rot_y,rot_z
-11.73849105834961,39.68730926513672,0.699999988079071,1.5707963705062866, 0.0, 0.8440810441970825
