x,y,z,rot_x,rot_y,rot_z
-83.07173156738281,30.631763458251953,0.699999988079071,1.5707963705062866, 0.0, 3.4239892959594727
