x,y,z,rot_x,rot_y,rot_z
-81.93016052246094,34.46915817260742,0.699999988079071,1.5707963705062866, 0.0, 2.2992632389068604
