x,y,z,rot_x,rot_y,rot_z
-42.96634292602539,24.485424041748047,0.699999988079071,1.5707963705062866, 0.0, 1.278890609741211
