x,y,z,rot_x,rot_y,rot_z
-49.0598258972168,9.451316833496094,0.699999988079071,1.5707963705062866, 0.0, -1.3665010929107666
