x,y,z,rot_x,rot_y,rot_z
-82.84368896484375,33.37855911254883,0.699999988079071,1.5707963705062866, 0.0, 2.7072670459747314
