x,y,z,rot_x,rot_y,rot_z
12.89264965057373,2.093722105026245,0.699999988079071,1.5707963705062866, 0.0, -0.9673756957054138
