x,y,z,rot_x,rot_y,rot_z
-13.064555168151855,40.75707244873047,0.699999988079071,1.5707963705062866, 0.0, 0.9658786654472351
