x,y,z,rot_x,rot_y,rot_z
10.578498840332031,12.8685941696167,0.699999988079071,1.5707963705062866, 0.0, 0.8825033903121948
