x,y,z,rot_x,rot_y,rot_z
-71.33384704589844,18.216049194335938,0.699999988079071,1.5707963705062866, 0.0, 3.995920181274414
