x,y,z,rot_x,rot_y,rot_z
-25.82796287536621,-6.564380645751953,0.699999988079071,1.5707963705062866, 0.0, 3.627408504486084
