x,y,z,rot_x,rot_y,rot_z
13.820195198059082,2.821051836013794,0.699999988079071,1.5707963705062866, 0.0, -0.769537627696991
