x,y,z,rot_x,rot_y,rot_z
14.201017379760742,8.848258018493652,0.699999988079071,1.5707963705062866, 0.0, 0.5551789999008179
