x,y,z,rot_x,rot_y,rot_z
-30.211708068847656,4.947101593017578,0.699999988079071,1.5707963705062866, 0.0, 3.465432643890381
