x,y,z,rot_x,rot_y,rot_z
-23.783294677734375,41.8935546875,0.699999988079071,1.5707963705062866, 0.0, 2.032210111618042
