x,y,z,rot_x,rot_y,rot_z
-42.53524398803711,11.100395202636719,0.699999988079071,1.5707963705062866, 0.0, -1.3020498752593994
