x,y,z,rot_x,rot_y,rot_z
-4.884513854980469,-0.1995697021484375,0.699999988079071,1.5707963705062866, 0.0, -1.450798749923706
