x,y,z,rot_x,rot_y,rot_z
-4.811012268066406,26.046646118164062,0.699999988079071,1.5707963705062866, 0.0, 0.3926498293876648
