x,y,z,rot_x,rot_y,rot_z
-81.7658462524414,27.921119689941406,0.699999988079071,1.5707963705062866, 0.0, 3.756679058074951
