x,y,z,rot_x,rot_y,rot_z
-56.07349395751953,8.799736022949219,0.699999988079071,1.5707963705062866, 0.0, 4.6812286376953125
