x,y,z,rot_x,rot_y,rot_z
-7.783252716064453,-1.0538482666015625,0.699999988079071,1.5707963705062866, 0.0, -1.1075432300567627
