x,y,z,rot_x,rot_y,rot_z
-16.371185302734375,42.433250427246094,0.699999988079071,1.5707963705062866, 0.0, 1.277851939201355
