x,y,z,rot_x,rot_y,rot_z
-35.98152542114258,12.2432861328125,0.699999988079071,1.5707963705062866, 0.0, 4.592182636260986
