x,y,z,rot_x,rot_y,rot_z
-83.0953369140625,32.75114822387695,0.699999988079071,1.5707963705062866, 0.0, 2.916884660720825
