x,y,z,rot_x,rot_y,rot_z
-69.42313385009766,16.48520278930664,0.699999988079071,1.5707963705062866, 0.0, 3.9478437900543213
