x,y,z,rot_x,rot_y,rot_z
-43.09614944458008,10.944686889648438,0.699999988079071,1.5707963705062866, 0.0, -1.3000133037567139
