x,y,z,rot_x,rot_y,rot_z
13.43714714050293,9.97044849395752,0.699999988079071,1.5707963705062866, 0.0, 0.6741266250610352
