x,y,z,rot_x,rot_y,rot_z
-34.93533706665039,12.043174743652344,0.699999988079071,1.5707963705062866, 0.0, 4.371402263641357
