x,y,z,rot_x,rot_y,rot_z
-68.55521392822266,15.64111328125,0.699999988079071,1.5707963705062866, 0.0, 3.928600549697876
