x,y,z,rot_x,rot_y,rot_z
-62.02661895751953,10.208023071289062,0.699999988079071,1.5707963705062866, 0.0, 4.275692462921143
