x,y,z,rot_x,rot_y,rot_z
14.409695625305176,8.47414779663086,0.699999988079071,1.5707963705062866, 0.0, 0.50881028175354
