x,y,z,rot_x,rot_y,rot_z
-34.30561447143555,11.790279388427734,0.699999988079071,1.5707963705062866, 0.0, 4.205613613128662
