x,y,z,rot_x,rot_y,rot_z
-28.97229766845703,1.2119789123535156,0.699999988079071,1.5707963705062866, 0.0, 3.4691243171691895
