x,y,z,rot_x,rot_y,rot_z
-70.3460922241211,17.34244155883789,0.699999988079071,1.5707963705062866, 0.0, 3.972033739089966
