x,y,z,rot_x,rot_y,rot_z
-2.1003074645996094,-0.0151519775390625,0.699999988079071,1.5707963705062866, 0.0, -1.5546295642852783
