x,y,z,rot_x,rot_y,rot_z
-80.87955474853516,26.746702194213867,0.699999988079071,1.5707963705062866, 0.0, 3.844212770462036
