x,y,z,rot_x,rot_y,rot_z
15.14158821105957,5.574650764465332,0.699999988079071,1.5707963705062866, 0.0, -0.013927102088928223
