x,y,z,rot_x,rot_y,rot_z
-37.15626907348633,12.248481750488281,0.699999988079071,1.5707963705062866, 0.0, -1.5257782936096191
