x,y,z,rot_x,rot_y,rot_z
-5.420280456542969,27.647443771362305,0.699999988079071,1.5707963705062866, 0.0, 0.329867959022522
