x,y,z,rot_x,rot_y,rot_z
-4.231868743896484,24.824195861816406,0.699999988079071,1.5707963705062866, 0.0, 0.4757688641548157
