x,y,z,rot_x,rot_y,rot_z
-55.53085708618164,8.782821655273438,0.699999988079071,1.5707963705062866, 0.0, 4.7067551612854
