x,y,z,rot_x,rot_y,rot_z
-49.34047317504883,27.150846481323242,0.699999988079071,1.5707963705062866, 0.0, 1.1215124130249023
