x,y,z,rot_x,rot_y,rot_z
0.6165237426757812,19.656723022460938,0.699999988079071,1.5707963705062866, 0.0, 0.9455453157424927
