x,y,z,rot_x,rot_y,rot_z
-83.15266418457031,31.004098892211914,0.699999988079071,1.5707963705062866, 0.0, 3.35561466217041
