x,y,z,rot_x,rot_y,rot_z
-13.170352935791016,-9.453849792480469,0.699999988079071,1.5707963705062866, 0.0, -0.4825408458709717
