x,y,z,rot_x,rot_y,rot_z
-10.80264663696289,-4.446483612060547,0.699999988079071,1.5707963705062866, 0.0, -0.49217939376831055
