x,y,z,rot_x,rot_y,rot_z
-10.534143447875977,38.45810317993164,0.699999988079071,1.5707963705062866, 0.0, 0.7303681373596191
