x,y,z,rot_x,rot_y,rot_z
-28.04210662841797,-1.4339942932128906,0.699999988079071,1.5707963705062866, 0.0, 3.5013535022735596
