x,y,z,rot_x,rot_y,rot_z
-82.47207641601562,29.096773147583008,0.699999988079071,1.5707963705062866, 0.0, 3.640746831893921
