x,y,z,rot_x,rot_y,rot_z
-39.05173873901367,24.352272033691406,0.699999988079071,1.5707963705062866, 0.0, 1.8604376316070557
