x,y,z,rot_x,rot_y,rot_z
-15.732938766479492,42.20756912231445,0.699999988079071,1.5707963705062866, 0.0, 1.2154935598373413
