x,y,z,rot_x,rot_y,rot_z
-8.080619812011719,-1.2244720458984375,0.699999988079071,1.5707963705062866, 0.0, -1.0498766899108887
