x,y,z,rot_x,rot_y,rot_z
-14.805390357971191,41.799190521240234,0.699999988079071,1.5707963705062866, 0.0, 1.126982569694519
