x,y,z,rot_x,rot_y,rot_z
-82.66112518310547,29.485620498657227,0.699999988079071,1.5707963705062866, 0.0, 3.5941226482391357
