x,y,z,rot_x,rot_y,rot_z
-56.205474853515625,30.411386489868164,0.699999988079071,1.5707963705062866, 0.0, 1.149720311164856
