x,y,z,rot_x,rot_y,rot_z
-2.6779823303222656,22.545074462890625,0.699999988079071,1.5707963705062866, 0.0, 0.6973393559455872
