x,y,z,rot_x,rot_y,rot_z
-79.48456573486328,25.20992660522461,0.699999988079071,1.5707963705062866, 0.0, 3.928467035293579
