x,y,z,rot_x,rot_y,rot_z
-3.553874969482422,-0.07240676879882812,0.699999988079071,1.5707963705062866, 0.0, -1.516678810119629
