x,y,z,rot_x,rot_y,rot_z
-4.534364700317383,25.4284725189209,0.699999988079071,1.5707963705062866, 0.0, 0.43078842759132385
