x,y,z,rot_x,rot_y,rot_z
-35.27015686035156,12.133041381835938,0.699999988079071,1.5707963705062866, 0.0, 4.45016622543335
