x,y,z,rot_x,rot_y,rot_z
-24.152141571044922,41.71015930175781,0.699999988079071,1.5707963705062866, 0.0, 2.066340923309326
