x,y,z,rot_x,rot_y,rot_z
-30.603612899780273,6.076450347900391,0.699999988079071,1.5707963705062866, 0.0, 3.4798777103424072
