x,y,z,rot_x,rot_y,rot_z
-17.449878692626953,-13.55533218383789,0.699999988079071,1.5707963705062866, 0.0, -1.3148581981658936
