x,y,z,rot_x,rot_y,rot_z
-21.941648483276367,42.57754898071289,0.699999988079071,1.5707963705062866, 0.0, 1.8523224592208862
