x,y,z,rot_x,rot_y,rot_z
-30.40810775756836,5.5207366943359375,0.699999988079071,1.5707963705062866, 0.0, 3.471461772918701
