x,y,z,rot_x,rot_y,rot_z
-3.899017333984375,24.234092712402344,0.699999988079071,1.5707963705062866, 0.0, 0.5265781283378601
