x,y,z,rot_x,rot_y,rot_z
-83.17098236083984,32.42021179199219,0.699999988079071,1.5707963705062866, 0.0, 3.016587018966675
