x,y,z,rot_x,rot_y,rot_z
-73.89713287353516,20.347671508789062,0.699999988079071,1.5707963705062866, 0.0, 4.029238224029541
