x,y,z,rot_x,rot_y,rot_z
-39.3787841796875,24.254804611206055,0.699999988079071,1.5707963705062866, 0.0, 1.78231680393219
