x,y,z,rot_x,rot_y,rot_z
7.345486640930176,0.3237866759300232,0.699999988079071,1.5707963705062866, 0.0, -1.4246400594711304
