x,y,z,rot_x,rot_y,rot_z
-58.13138198852539,9.004966735839844,0.699999988079071,1.5707963705062866, 0.0, 4.568933963775635
