x,y,z,rot_x,rot_y,rot_z
-62.75505447387695,10.592559814453125,0.699999988079071,1.5707963705062866, 0.0, 4.210384368896484
