x,y,z,rot_x,rot_y,rot_z
-68.83924102783203,15.921119689941406,0.699999988079071,1.5707963705062866, 0.0, 3.934116840362549
