x,y,z,rot_x,rot_y,rot_z
12.154027938842773,1.6710777282714844,0.699999988079071,1.5707963705062866, 0.0, -1.0769881010055542
