x,y,z,rot_x,rot_y,rot_z
-65.55839538574219,12.676651000976562,0.699999988079071,1.5707963705062866, 0.0, 3.981642246246338
