x,y,z,rot_x,rot_y,rot_z
-33.453514099121094,11.2198486328125,0.699999988079071,1.5707963705062866, 0.0, 3.9649429321289062
