x,y,z,rot_x,rot_y,rot_z
-7.276103973388672,33.022674560546875,0.699999988079071,1.5707963705062866, 0.0, 0.39540284872055054
