x,y,z,rot_x,rot_y,rot_z
-12.39654541015625,-7.88665771484375,0.699999988079071,1.5707963705062866, 0.0, -0.4289069175720215
