x,y,z,rot_x,rot_y,rot_z
-16.80295181274414,-13.355796813964844,0.699999988079071,1.5707963705062866, 0.0, -1.1458666324615479
