x,y,z,rot_x,rot_y,rot_z
-28.106021881103516,38.681827545166016,0.699999988079071,1.5707963705062866, 0.0, 2.3826589584350586
