x,y,z,rot_x,rot_y,rot_z
-65.71513366699219,34.105953216552734,0.699999988079071,1.5707963705062866, 0.0, 1.2774090766906738
