x,y,z,rot_x,rot_y,rot_z
-44.24466323852539,10.626747131347656,0.699999988079071,1.5707963705062866, 0.0, -1.3015565872192383
