x,y,z,rot_x,rot_y,rot_z
-61.644657135009766,10.029739379882812,0.699999988079071,1.5707963705062866, 0.0, 4.3090739250183105
