x,y,z,rot_x,rot_y,rot_z
11.383898735046387,12.164913177490234,0.699999988079071,1.5707963705062866, 0.0, 0.8421304821968079
