x,y,z,rot_x,rot_y,rot_z
-19.0675048828125,42.90961837768555,0.699999988079071,1.5707963705062866, 0.0, 1.553378701210022
