x,y,z,rot_x,rot_y,rot_z
-19.418750762939453,42.91573715209961,0.699999988079071,1.5707963705062866, 0.0, 1.590206503868103
