x,y,z,rot_x,rot_y,rot_z
-28.78603744506836,37.94816589355469,0.699999988079071,1.5707963705062866, 0.0, 2.4271883964538574
