x,y,z,rot_x,rot_y,rot_z
-29.11965560913086,37.56346893310547,0.699999988079071,1.5707963705062866, 0.0, 2.447887897491455
