x,y,z,rot_x,rot_y,rot_z
-10.234336853027344,-3.4510231018066406,0.699999988079071,1.5707963705062866, 0.0, -0.5817575454711914
