x,y,z,rot_x,rot_y,rot_z
-57.03921890258789,30.7847900390625,0.699999988079071,1.5707963705062866, 0.0, 1.1575565338134766
