x,y,z,rot_x,rot_y,rot_z
6.793337821960449,0.2545694410800934,0.699999988079071,1.5707963705062866, 0.0, -1.446087121963501
