x,y,z,rot_x,rot_y,rot_z
-10.088150024414062,37.92605209350586,0.699999988079071,1.5707963705062866, 0.0, 0.686833918094635
