x,y,z,rot_x,rot_y,rot_z
-15.888633728027344,-12.853340148925781,0.699999988079071,1.5707963705062866, 0.0, -0.9256637096405029
