x,y,z,rot_x,rot_y,rot_z
0.0,0.0,0.699999988079071,1.5707963705062866, 0.0, 4.712284564971924
