x,y,z,rot_x,rot_y,rot_z
-11.859390258789062,-6.696437835693359,0.699999988079071,1.5707963705062866, 0.0, -0.42003750801086426
