x,y,z,rot_x,rot_y,rot_z
9.29211711883545,13.889674186706543,0.699999988079071,1.5707963705062866, 0.0, 0.9314276576042175
