x,y,z,rot_x,rot_y,rot_z
-79.85179138183594,25.589588165283203,0.699999988079071,1.5707963705062866, 0.0, 3.9103450775146484
