x,y,z,rot_x,rot_y,rot_z
-63.43926239013672,11.010749816894531,0.699999988079071,1.5707963705062866, 0.0, 4.148477554321289
