x,y,z,rot_x,rot_y,rot_z
-22.676631927490234,42.3500862121582,0.699999988079071,1.5707963705062866, 0.0, 1.9258241653442383
