x,y,z,rot_x,rot_y,rot_z
1.367431640625,19.13628578186035,0.699999988079071,1.5707963705062866, 0.0, 0.9704910516738892
