x,y,z,rot_x,rot_y,rot_z
-8.176362991333008,34.97320556640625,0.699999988079071,1.5707963705062866, 0.0, 0.4892299175262451
