x,y,z,rot_x,rot_y,rot_z
-2.597625732421875,-0.028118133544921875,0.699999988079071,1.5707963705062866, 0.0, -1.5447266101837158
