x,y,z,rot_x,rot_y,rot_z
-4.455345153808594,-0.14781951904296875,0.699999988079071,1.5707963705062866, 0.0, -1.476231336593628
