x,y,z,rot_x,rot_y,rot_z
-7.472110748291016,-0.8984298706054688,0.699999988079071,1.5707963705062866, 0.0, -1.1630384922027588
