x,y,z,rot_x,rot_y,rot_z
-38.736122131347656,24.474088668823242,0.699999988079071,1.5707963705062866, 0.0, 1.9391452074050903
