x,y,z,rot_x,rot_y,rot_z
-28.284687042236328,-0.7689628601074219,0.699999988079071,1.5707963705062866, 0.0, 3.4913601875305176
