x,y,z,rot_x,rot_y,rot_z
14.512669563293457,3.652482748031616,0.699999988079071,1.5707963705062866, 0.0, -0.5328092575073242
