x,y,z,rot_x,rot_y,rot_z
-30.716270446777344,35.49032211303711,0.699999988079071,1.5707963705062866, 0.0, 2.5353527069091797
