x,y,z,rot_x,rot_y,rot_z
-37.03376388549805,25.691545486450195,0.699999988079071,1.5707963705062866, 0.0, 2.3420400619506836
