x,y,z,rot_x,rot_y,rot_z
-52.996864318847656,28.914966583251953,0.699999988079071,1.5707963705062866, 0.0, 1.1268399953842163
