x,y,z,rot_x,rot_y,rot_z
-31.805295944213867,8.968658447265625,0.699999988079071,1.5707963705062866, 0.0, 3.597367763519287
