x,y,z,rot_x,rot_y,rot_z
-66.91966247558594,13.991928100585938,0.699999988079071,1.5707963705062866, 0.0, 3.926816701889038
