x,y,z,rot_x,rot_y,rot_z
-45.57020950317383,25.42414093017578,0.699999988079071,1.5707963705062866, 0.0, 1.1669400930404663
