x,y,z,rot_x,rot_y,rot_z
-11.684528350830078,-6.3049163818359375,0.699999988079071,1.5707963705062866, 0.0, -0.4232962131500244
