x,y,z,rot_x,rot_y,rot_z
-31.020410537719727,35.05166244506836,0.699999988079071,1.5707963705062866, 0.0, 2.5495364665985107
