x,y,z,rot_x,rot_y,rot_z
-80.01985168457031,35.4531135559082,0.699999988079071,1.5707963705062866, 0.0, 1.9111214876174927
