x,y,z,rot_x,rot_y,rot_z
-80.46873474121094,35.29416275024414,0.699999988079071,1.5707963705062866, 0.0, 1.9763164520263672
