x,y,z,rot_x,rot_y,rot_z
-49.67018508911133,9.333518981933594,0.699999988079071,1.5707963705062866, 0.0, -1.3801443576812744
