x,y,z,rot_x,rot_y,rot_z
-13.378437042236328,-9.831539154052734,0.699999988079071,1.5707963705062866, 0.0, -0.5035700798034668
