x,y,z,rot_x,rot_y,rot_z
-1.5910797119140625,-0.006916046142578125,0.699999988079071,1.5707963705062866, 0.0, -1.562037706375122
