x,y,z,rot_x,rot_y,rot_z
-6.452400207519531,-0.51983642578125,0.699999988079071,1.5707963705062866, 0.0, -1.3100688457489014
