x,y,z,rot_x,rot_y,rot_z
-18.817901611328125,-13.597774505615234,0.699999988079071,1.5707963705062866, 0.0, 4.6108856201171875
