x,y,z,rot_x,rot_y,rot_z
14.752861022949219,7.729640483856201,0.699999988079071,1.5707963705062866, 0.0, 0.40438199043273926
