x,y,z,rot_x,rot_y,rot_z
-34.04340362548828,30.085664749145508,0.699999988079071,1.5707963705062866, 0.0, 2.616795778274536
