x,y,z,rot_x,rot_y,rot_z
-53.777950286865234,29.286468505859375,0.699999988079071,1.5707963705062866, 0.0, 1.13120436668396
