x,y,z,rot_x,rot_y,rot_z
-11.48763656616211,39.45359420776367,0.699999988079071,1.5707963705062866, 0.0, 0.8207566738128662
