x,y,z,rot_x,rot_y,rot_z
-54.5737419128418,29.660715103149414,0.699999988079071,1.5707963705062866, 0.0, 1.1365071535110474
