x,y,z,rot_x,rot_y,rot_z
-77.5279541015625,23.37142562866211,0.699999988079071,1.5707963705062866, 0.0, 3.9946773052215576
