x,y,z,rot_x,rot_y,rot_z
-37.576969146728516,12.211631774902344,0.699999988079071,1.5707963705062866, 0.0, -1.4834225177764893
