x,y,z,rot_x,rot_y,rot_z
-51.48233413696289,28.18621826171875,0.699999988079071,1.5707963705062866, 0.0, 1.1211599111557007
