x,y,z,rot_x,rot_y,rot_z
-29.18955421447754,1.861358642578125,0.699999988079071,1.5707963705062866, 0.0, 3.464447021484375
