x,y,z,rot_x,rot_y,rot_z
-82.210205078125,34.21931838989258,0.699999988079071,1.5707963705062866, 0.0, 2.3954379558563232
