x,y,z,rot_x,rot_y,rot_z
-50.885276794433594,9.127449035644531,0.699999988079071,1.5707963705062866, 0.0, -1.4107520580291748
