x,y,z,rot_x,rot_y,rot_z
-3.7198734283447266,23.944324493408203,0.699999988079071,1.5707963705062866, 0.0, 0.5537211894989014
