x,y,z,rot_x,rot_y,rot_z
-60.464473724365234,32.230953216552734,0.699999988079071,1.5707963705062866, 0.0, 1.1965214014053345
