x,y,z,rot_x,rot_y,rot_z
-23.04524040222168,42.21342849731445,0.699999988079071,1.5707963705062866, 0.0, 1.9618812799453735
