x,y,z,rot_x,rot_y,rot_z
14.688528060913086,3.950700044631958,0.699999988079071,1.5707963705062866, 0.0, -0.4473148584365845
