x,y,z,rot_x,rot_y,rot_z
-12.789982795715332,40.55685806274414,0.699999988079071,1.5707963705062866, 0.0, 0.9407458305358887
