x,y,z,rot_x,rot_y,rot_z
-41.444087982177734,11.398506164550781,0.699999988079071,1.5707963705062866, 0.0, -1.312614917755127
