x,y,z,rot_x,rot_y,rot_z
-45.01072311401367,25.195316314697266,0.699999988079071,1.5707963705062866, 0.0, 1.1825627088546753
