x,y,z,rot_x,rot_y,rot_z
-33.7259635925293,11.436031341552734,0.699999988079071,1.5707963705062866, 0.0, 4.041641712188721
