x,y,z,rot_x,rot_y,rot_z
-6.082916259765625,-0.42125701904296875,0.699999988079071,1.5707963705062866, 0.0, -1.3513383865356445
