x,y,z,rot_x,rot_y,rot_z
4.293951034545898,17.250171661376953,0.699999988079071,1.5707963705062866, 0.0, 1.0080353021621704
