x,y,z,rot_x,rot_y,rot_z
-79.10743713378906,24.833911895751953,0.699999988079071,1.5707963705062866, 0.0, 3.94484281539917
