x,y,z,rot_x,rot_y,rot_z
-48.00559616088867,26.515642166137695,0.699999988079071,1.5707963705062866, 0.0, 1.1289516687393188
