x,y,z,rot_x,rot_y,rot_z
-21.575803756713867,42.668731689453125,0.699999988079071,1.5707963705062866, 0.0, 1.815061092376709
