x,y,z,rot_x,rot_y,rot_z
4.740942001342773,16.96792984008789,0.699999988079071,1.5707963705062866, 0.0, 1.0075886249542236
