x,y,z,rot_x,rot_y,rot_z
-74.68585968017578,20.988540649414062,0.699999988079071,1.5707963705062866, 0.0, 4.029947757720947
