x,y,z,rot_x,rot_y,rot_z
3.8525924682617188,17.528581619262695,0.699999988079071,1.5707963705062866, 0.0, 1.0071051120758057
