x,y,z,rot_x,rot_y,rot_z
-5.305484771728516,27.32155418395996,0.699999988079071,1.5707963705062866, 0.0, 0.33868396282196045
