x,y,z,rot_x,rot_y,rot_z
-22.08096694946289,-11.843215942382812,0.699999988079071,1.5707963705062866, 0.0, 3.9902868270874023
