x,y,z,rot_x,rot_y,rot_z
-76.6764907836914,35.965335845947266,0.699999988079071,1.5707963705062866, 0.0, 1.619575023651123
