x,y,z,rot_x,rot_y,rot_z
-12.772918701171875,-8.678302764892578,0.699999988079071,1.5707963705062866, 0.0, -0.4497537612915039
