x,y,z,rot_x,rot_y,rot_z
-29.401695251464844,2.5022544860839844,0.699999988079071,1.5707963705062866, 0.0, 3.4612488746643066
