x,y,z,rot_x,rot_y,rot_z
-26.131793975830078,-5.959178924560547,0.699999988079071,1.5707963705062866, 0.0, 3.6068639755249023
