x,y,z,rot_x,rot_y,rot_z
-11.336002349853516,-5.538005828857422,0.699999988079071,1.5707963705062866, 0.0, -0.4398384094238281
