x,y,z,rot_x,rot_y,rot_z
-42.05561065673828,24.264326095581055,0.699999988079071,1.5707963705062866, 0.0, 1.3528517484664917
