x,y,z,rot_x,rot_y,rot_z
-83.22457885742188,31.72870445251465,0.699999988079071,1.5707963705062866, 0.0, 3.1991589069366455
