x,y,z,rot_x,rot_y,rot_z
-58.615562438964844,9.090011596679688,0.699999988079071,1.5707963705062866, 0.0, 4.538512229919434
