x,y,z,rot_x,rot_y,rot_z
-2.907247543334961,22.818742752075195,0.699999988079071,1.5707963705062866, 0.0, 0.66843581199646
