x,y,z,rot_x,rot_y,rot_z
15.046199798583984,4.900955677032471,0.699999988079071,1.5707963705062866, 0.0, -0.18399596214294434
