x,y,z,rot_x,rot_y,rot_z
-20.129091262817383,42.8886833190918,0.699999988079071,1.5707963705062866, 0.0, 1.6647670269012451
