x,y,z,rot_x,rot_y,rot_z
-12.254749298095703,40.13547134399414,0.699999988079071,1.5707963705062866, 0.0, 0.891696035861969
