x,y,z,rot_x,rot_y,rot_z
-26.428016662597656,-5.3399658203125,0.699999988079071,1.5707963705062866, 0.0, 3.5878005027770996
