x,y,z,rot_x,rot_y,rot_z
-73.15364074707031,35.78138732910156,0.699999988079071,1.5707963705062866, 0.0, 1.4621822834014893
