x,y,z,rot_x,rot_y,rot_z
-68.2756576538086,15.362449645996094,0.699999988079071,1.5707963705062866, 0.0, 3.9242634773254395
