x,y,z,rot_x,rot_y,rot_z
-53.265377044677734,8.851882934570312,0.699999988079071,1.5707963705062866, 0.0, -1.4849853515625
