x,y,z,rot_x,rot_y,rot_z
1.104194164276123,0.0004791174433194101,0.699999988079071,1.5707963705062866, 0.0, -1.566929578781128
