x,y,z,rot_x,rot_y,rot_z
-32.46389389038086,10.090568542480469,0.699999988079071,1.5707963705062866, 0.0, 3.7175207138061523
