x,y,z,rot_x,rot_y,rot_z
2.2331559658050537,0.007489676587283611,0.699999988079071,1.5707963705062866, 0.0, -1.5559016466140747
