x,y,z,rot_x,rot_y,rot_z
-41.214080810546875,24.138479232788086,0.699999988079071,1.5707963705062866, 0.0, 1.4482054710388184
