x,y,z,rot_x,rot_y,rot_z
-32.237762451171875,9.742324829101562,0.699999988079071,1.5707963705062866, 0.0, 3.6716840267181396
