x,y,z,rot_x,rot_y,rot_z
-45.4229736328125,10.308845520019531,0.699999988079071,1.5707963705062866, 0.0, -1.3096771240234375
