x,y,z,rot_x,rot_y,rot_z
-14.504451751708984,41.64554977416992,0.699999988079071,1.5707963705062866, 0.0, 1.0987515449523926
