x,y,z,rot_x,rot_y,rot_z
10.42427921295166,0.9809060096740723,0.699999988079071,1.5707963705062866, 0.0, -1.2503254413604736
