x,y,z,rot_x,rot_y,rot_z
-71.67828369140625,18.51171112060547,0.699999988079071,1.5707963705062866, 0.0, 4.003053188323975
