x,y,z,rot_x,rot_y,rot_z
-24.203853607177734,-9.320819854736328,0.699999988079071,1.5707963705062866, 0.0, 3.7560338973999023
