x,y,z,rot_x,rot_y,rot_z
2.803943634033203,0.015991972759366035,0.699999988079071,1.5707963705062866, 0.0, -1.547886848449707
