x,y,z,rot_x,rot_y,rot_z
-43.666236877441406,10.786354064941406,0.699999988079071,1.5707963705062866, 0.0, -1.299898624420166
