x,y,z,rot_x,rot_y,rot_z
-59.991214752197266,9.422065734863281,0.699999988079071,1.5707963705062866, 0.0, 4.4427289962768555
