x,y,z,rot_x,rot_y,rot_z
-16.696029663085938,42.53123092651367,0.699999988079071,1.5707963705062866, 0.0, 1.310064673423767
